id;bill_user_name;bill_pic;bill_word;bill_author;bill_time;bill_layout_mode
1;Liaison Unbranded Tools;Distributed;Soft Home Loan Account;Berkshire Montenegro orchid;2020-06-11T14:40:56;Hong Kong Dollar 24/7
2;Inlet capacitor;Idaho Expanded Representative;bypass compress payment;Sleek Concrete Towels;2020-06-12T06:15:53;compelling Profit-focused Analyst
3;connect capacitor reboot;compressing dedicated alarm;Colombian Peso Unidad de Valor Real hack Berkshire;Armenia;2020-06-12T06:09:09;mindshare core Wisconsin
4;Buckinghamshire markets;1080p synergistic;impactful Enterprise-wide;Analyst card;2020-06-12T07:01:47;Concrete
5;Shirt zero administration Licensed;USB;input Metal deliver;parsing Kwacha Manor;2020-06-12T10:17:09;microchip
6;cutting-edge;Handmade Steel Pants relationships;Chair;value-added models South Dakota;2020-06-11T18:14:50;monitor
7;Northern Mariana Islands;Cape;even-keeled;Associate Architect compress;2020-06-11T17:17:02;Extensions
8;Horizontal;homogeneous Isle of Man;forecast;Wisconsin;2020-06-11T21:57:26;Analyst
9;Fresh;out-of-the-box Central;Borders incubate Texas;Keys Concrete invoice;2020-06-11T23:57:11;SSL compressing paradigms
10;Direct real-time Sri Lanka;open architecture background;Global;Outdoors Bedfordshire;2020-06-12T13:14:23;Malawi Games Books
